[
 {
  "CATEGORY": "B1",
  "NAME": "B1 - BALCONY BELLA"
 },
 {
  "CATEGORY": "B2",
  "NAME": "B2 - BALCONY FANTASTICA"
 },
 {
  "CATEGORY": "B3",
  "NAME": "B3 - BALCONY AUREA"
 },
 {
  "CATEGORY": "BA",
  "NAME": "BA - BALCONY AUREA"
 },
 {
  "CATEGORY": "BB",
  "NAME": "BB - BALCONY BELLA"
 },
 {
  "CATEGORY": "BC1",
  "NAME": "BC1 - BALCONY PROMENADE VIEW BELLA"
 },
 {
  "CATEGORY": "BC2",
  "NAME": "BC2 - BALCONY PROMENADE VIEW FANTASTICA"
 },
 {
  "CATEGORY": "BL1",
  "NAME": "BL1 - PREMIUM BALCONY WITH OCEAN VIEW FANTASTICA"
 },
 {
  "CATEGORY": "BL2",
  "NAME": "BL2 - PREMIUM BALCONY WITH OCEAN VIEW FANTASTICA"
 },
 {
  "CATEGORY": "BL3",
  "NAME": "BL3 - PREMIUM BALCONY WITH OCEAN VIEW FANTASTICA"
 },
 {
  "CATEGORY": "BM1",
  "NAME": "BM1 - JUNIOR BALCONY FANTASTICA"
 },
 {
  "CATEGORY": "BM2",
  "NAME": "BM2 - JUNIOR BALCONY FANTASTICA"
 },
 {
  "CATEGORY": "BP",
  "NAME": "BP - DELUXE BALCONY PARTIAL VIEW FANTASTICA"
 },
 {
  "CATEGORY": "BR1",
  "NAME": "BR1 - DELUXE BALCONY FANTASTICA"
 },
 {
  "CATEGORY": "BR2",
  "NAME": "BR2 - DELUXE BALCONY FANTASTICA"
 },
 {
  "CATEGORY": "BR3",
  "NAME": "BR3 - DELUXE BALCONY FANTASTICA"
 },
 {
  "CATEGORY": "BR4",
  "NAME": "BR4 - DELUXE BALCONY FANTASTICA"
 },
 {
  "CATEGORY": "BS",
  "NAME": "BS - STUDIO BALCONY FANTASTICA"
 },
 {
  "CATEGORY": "FLA",
  "NAME": "FLA - SUPER FAMILY CABIN FANTASTICA"
 },
 {
  "CATEGORY": "FLP",
  "NAME": "FLP - SUPER FAMILY PLUS CABIN FANTASTICA"
 },
 {
  "CATEGORY": "FMB",
  "NAME": "FMB - FAMILY  (1 BALCONY AND 1 INSIDE CABINS) FANTASTICA"
 },
 {
  "CATEGORY": "FMO",
  "NAME": "FMO - FAMILY FANTASTICA"
 },
 {
  "CATEGORY": "FPB",
  "NAME": "FPB - FAMILY PLUS (2 BALCONY AND 1 INSIDE CABINS) FANTASTICA"
 },
 {
  "CATEGORY": "FPO",
  "NAME": "FPO - SUPER FAMILY WITH OCEANVIEW FANTASTICA"
 },
 {
  "CATEGORY": "I1",
  "NAME": "I1 - INTERIOR BELLA"
 },
 {
  "CATEGORY": "I1S",
  "NAME": "I1S - INTERIOR STUDIO BELLA"
 },
 {
  "CATEGORY": "I2",
  "NAME": "I2 - INTERIOR FANTASTICA"
 },
 {
  "CATEGORY": "I3",
  "NAME": "I3 - INSIDE AUREA"
 },
 {
  "CATEGORY": "IB",
  "NAME": "IB - INSIDE BELLA"
 },
 {
  "CATEGORY": "IL1",
  "NAME": "IL1 - PREMIUM INTERIOR BELLA"
 },
 {
  "CATEGORY": "IM1",
  "NAME": "IM1 - JUNIOR INTERIOR FANTASTICA"
 },
 {
  "CATEGORY": "IM2",
  "NAME": "IM2 - JUNIOR INTERIOR FANTASTICA"
 },
 {
  "CATEGORY": "IR1",
  "NAME": "IR1 - DELUXE INTERIOR FANTASTICA"
 },
 {
  "CATEGORY": "IR2",
  "NAME": "IR2 - DELUXE INTERIOR FANTASTICA"
 },
 {
  "CATEGORY": "IS",
  "NAME": "IS - INTERIOR STUDIO FANTASTICA"
 },
 {
  "CATEGORY": "O1",
  "NAME": "O1 - OCEAN VIEW BELLA"
 },
 {
  "CATEGORY": "O1S",
  "NAME": "O1S - OCEAN VIEW STUDIO  BELLA"
 },
 {
  "CATEGORY": "O2",
  "NAME": "O2 - OCEAN VIEW FANTASTICA"
 },
 {
  "CATEGORY": "O3",
  "NAME": "O3 - INTERIOR AUREA"
 },
 {
  "CATEGORY": "OB",
  "NAME": "OB - OCEAN VIEW BELLA"
 },
 {
  "CATEGORY": "OL1",
  "NAME": "OL1 - PREMIUM OCEAN VIEW FANTASTICA"
 },
 {
  "CATEGORY": "OL2",
  "NAME": "OL2 - PREMIUM OCEAN VIEW FANTASTICA"
 },
 {
  "CATEGORY": "OL3",
  "NAME": "OL3 - PREMIUM OCEAN VIEW FANTASTICA"
 },
 {
  "CATEGORY": "OM1",
  "NAME": "OM1 - JUNIOR OCEAN VIEW FANTASTICA"
 },
 {
  "CATEGORY": "OM2",
  "NAME": "OM2 - JUNIOR OCEAN VIEW FANTASTICA"
 },
 {
  "CATEGORY": "OO",
  "NAME": "OO - DELUXE OCEAN VIEW WITH OBSTRUCTED VIEW FANTASTICA"
 },
 {
  "CATEGORY": "OR1",
  "NAME": "OR1 - DELUXE BALCONY FANTASTICA"
 },
 {
  "CATEGORY": "OR2",
  "NAME": "OR2 - DELUXE OCEAN VIEW FANTASTICA"
 },
 {
  "CATEGORY": "OV2",
  "NAME": "OV2 - INFINITE OCEAN VIEW FANTASTICA"
 },
 {
  "CATEGORY": "OV3",
  "NAME": "OV3 - AUREA INFINITE OCEAN VIEW VERANDA AUREA"
 },
 {
  "CATEGORY": "PR1",
  "NAME": "PR1 - DELUXE BALCONY PROMENADE VIEW FANTASTICA"
 },
 {
  "CATEGORY": "PR2",
  "NAME": "PR2 - DELUXE BALCONY PROMENADE VIEW FANTASTICA"
 },
 {
  "CATEGORY": "PR3",
  "NAME": "PR3 - DELUXE BALCONY PROMENADE VIEW FANTASTICA"
 },
 {
  "CATEGORY": "PV",
  "NAME": "PV - DELUXE BALCONY PROMENADE & OCEAN VIEW FANTASTICA"
 },
 {
  "CATEGORY": "S2",
  "NAME": "S2 - SUITE PRIVATE SUNDECK FANTASTICA"
 },
 {
  "CATEGORY": "S3",
  "NAME": "S3 - SUITE AUREA"
 },
 {
  "CATEGORY": "SC3",
  "NAME": "SC3 - SUITE PROMENADE VIEW AUREA"
 },
 {
  "CATEGORY": "SD",
  "NAME": "SD - TWO BEDROOM GRAND SUITE AUREA"
 },
 {
  "CATEGORY": "SD3",
  "NAME": "SD3 - GRAND SUITE  AUREA"
 },
 {
  "CATEGORY": "SE3",
  "NAME": "SE3 - GRAND SUITE AUREA"
 },
 {
  "CATEGORY": "SJ3",
  "NAME": "SJ3 - SUITE WITH JACUZZI AUREA"
 },
 {
  "CATEGORY": "SL1",
  "NAME": "SL1 - PREMIUM SUITE AUREA"
 },
 {
  "CATEGORY": "SL2",
  "NAME": "SL2 - PREMIUM SUITE AUREA"
 },
 {
  "CATEGORY": "SLJ",
  "NAME": "SLJ - PREMIUM SUITE AUREA"
 },
 {
  "CATEGORY": "SLP",
  "NAME": "SLP - PREMIUM SUITE WITH PROMENADE & OCEAN VIEW AUREA"
 },
 {
  "CATEGORY": "SLS",
  "NAME": "SLS - PREMIUM SUITE WITH SEALED WINDOW AUREA"
 },
 {
  "CATEGORY": "SLT",
  "NAME": "SLT - PREMIUM SUITE  WITH TERRACE AUREA"
 },
 {
  "CATEGORY": "SLW",
  "NAME": "SLW - PREMIUM SUITE WITH WHIRLPOOL AUREA"
 },
 {
  "CATEGORY": "SM",
  "NAME": "SM - JUNIOR SUITE AUREA"
 },
 {
  "CATEGORY": "SP2",
  "NAME": "SP2 - SUITE FANTASTICA"
 },
 {
  "CATEGORY": "SP3",
  "NAME": "SP3 - SUITE OCEANVIEW AUREA"
 },
 {
  "CATEGORY": "SPL",
  "NAME": "SPL - FLEXIBLE CABIN BELLA"
 },
 {
  "CATEGORY": "SR1",
  "NAME": "SR1 - DELUXE SUITE  AUREA"
 },
 {
  "CATEGORY": "SR2",
  "NAME": "SR2 - DELUXE SUITE  AUREA"
 },
 {
  "CATEGORY": "SRP",
  "NAME": "SRP - DELUXE SUITE PROMENADE & OCEAN VIEW AUREA"
 },
 {
  "CATEGORY": "SRS",
  "NAME": "SRS - DELUXE SUITE WITH SEALED WINDOW AUREA"
 },
 {
  "CATEGORY": "ST3",
  "NAME": "ST3 - GRAND SUITE PREMIUM AUREA"
 },
 {
  "CATEGORY": "SX",
  "NAME": "SX - GRAND SUITE AUREA"
 },
 {
  "CATEGORY": "SXJ",
  "NAME": "SXJ - GRAND SUITE WITH TERRACE AND JACUZZI AUREA"
 },
 {
  "CATEGORY": "SXT",
  "NAME": "SXT - GRAND SUITE WITH TERRACE AUREA"
 },
 {
  "CATEGORY": "VL1",
  "NAME": "VL1 - INFINITE OCEAN VIEW FANTASTICA"
 },
 {
  "CATEGORY": "VL2",
  "NAME": "VL2 - INFINITE OCEAN VIEW FANTASTICA"
 },
 {
  "CATEGORY": "YC1",
  "NAME": "YC1 - DELUXE SUITE MSC YACHT CLUB"
 },
 {
  "CATEGORY": "YC2",
  "NAME": "YC2 - EXECUTIVE AND FAMILY SUITE MSC YACHT CLUB"
 },
 {
  "CATEGORY": "YC3",
  "NAME": "YC3 - ROYAL SUITE MSC YACHT CLUB"
 },
 {
  "CATEGORY": "YC4",
  "NAME": "YC4 - OWNER'S SUITE MSC YACHT CLUB"
 },
 {
  "CATEGORY": "YCD",
  "NAME": "YCD - DUPLEX SUITE MSC YACHT CLUB"
 },
 {
  "CATEGORY": "YCP",
  "NAME": "YCP - DELUXE GRAND SUITE MSC YACHT CLUB"
 },
 {
  "CATEGORY": "YIN",
  "NAME": "YIN - INTERIOR SUITE MSC YACHT CLUB"
 },
 {
  "CATEGORY": "YJD",
  "NAME": "YJD - DUPLEX SUITE WITH JACUZZI MSC YACHT CLUB"
 },
 {
  "CATEGORY": "OS",
  "NAME": "OS - STUDIO OCEAN VIEW FANTASTICA"
 }
]